{"cameraMode":{"drawMode":0,"name":"Shaded","section":"Shading Mode"},"sceneLighting":true,"audioPlay":false,"sceneViewState":{"m_AlwaysRefresh":false,"showFog":true,"showSkybox":true,"showFlares":true,"showImageEffects":true,"showParticleSystems":true,"showVisualEffectGraphs":true,"m_FxEnabled":true},"in2DMode":false,"pivot":{"x":1.0579414367675782,"y":2.8992021083831789,"z":-6.449973106384277},"rotation":{"x":0.20216681063175202,"y":-0.18386194109916688,"z":0.03866831213235855,"w":0.9611766338348389},"size":2.733529806137085,"orthographic":false}